"Package","Removed","While"
"ActisoftR",TRUE,"2019-03-01 08:56"
"ActivityIndex",TRUE,"2020-01-16 15:53"
"AMIAS",TRUE,"2020-07-08 07:55"
"ANOVA.TFNs",TRUE,"2020-06-15 09:07"
"AntMAN",TRUE,"2020-03-31 05:13"
"ASICS",TRUE,"2018-04-02 12:55"
"BANEScarparkinglite",TRUE,"2020-04-13 19:49"
"BifactorIndicesCalculator",TRUE,"2020-07-20 08:24"
"BiG",TRUE,"2019-04-22 08:46"
"BMSC",TRUE,"2019-08-02 19:20"
"BootValidation",TRUE,"2019-11-25 06:06"
"BrasilMF",TRUE,"2020-07-22 05:59"
"BreedingSchemeLanguage",TRUE,"2020-02-19 10:58"
"CaliCo",TRUE,"2020-01-16 13:44"
"CaseBasedReasoning",TRUE,"2019-10-01 06:53"
"CAWaR",TRUE,"2020-07-14 10:58"
"CDECRetrieve",TRUE,"2019-04-26 07:57"
"CEAmarkov",TRUE,"2019-11-25 06:43"
"ClinReport",TRUE,"2020-04-03 08:55"
"CollessLike",TRUE,"2020-04-03 09:04"
"CoreGx",TRUE,"2020-03-29 13:41"
"CoRpower",TRUE,"2020-10-18 08:36"
"CorShrink",TRUE,"2019-02-05 11:49"
"COveR",TRUE,"2017-12-16 13:50"
"CpDyna",TRUE,"2018-12-18 16:34"
"CramTest",TRUE,"2019-06-06 08:23"
"CRFCSD",TRUE,"2020-04-25 17:44"
"CTRE",TRUE,"2020-02-14 07:41"
"DAFOT",TRUE,"2020-02-25 07:28"
"DALEX2",TRUE,"2020-01-06 01:19"
"DataPackageR",TRUE,"2020-04-25 10:25"
"DBHC",TRUE,"2020-04-03 08:55"
"DEVis",TRUE,"2020-03-19 08:45"
"DNetFinder",TRUE,"2020-05-17 12:44"
"DRAFT",TRUE,"2020-04-23 06:21"
"EIX",TRUE,"2020-10-22 06:14"
"EMSHS",TRUE,"2020-02-09 10:07"
"FIAR",TRUE,"2019-01-25 19:25"
"FILEST",TRUE,"2020-04-03 09:04"
"FlowCAr",TRUE,"2020-03-07 11:50"
"FrechForest",TRUE,"2020-07-05 17:40"
"GADGET",TRUE,"2020-05-03 09:24"
"GetITRData",TRUE,"2019-03-11 18:50"
"GFORCE",TRUE,"2020-03-31 05:13"
"GGMM",TRUE,"2020-10-22 06:11"
"GGMncv",TRUE,"2020-10-20 07:07"
"GLSE",TRUE,"2019-11-02 08:19"
"GREP2",TRUE,"2019-09-06 08:46"
"GSCAD",TRUE,"2018-07-29 07:42"
"HMMoce",TRUE,"2019-01-24 09:14"
"HybridFS",TRUE,"2020-06-02 08:38"
"IDF",TRUE,"2020-03-13 16:56"
"IFSPlot",TRUE,"2018-08-05 08:21"
"IIS",TRUE,"2020-06-02 06:30"
"IMWatson",TRUE,"2020-07-31 06:56"
"INDperform",TRUE,"2020-05-01 10:46"
"IntrinioStockAPI",TRUE,"2020-08-26 07:07"
"IPCAPS",TRUE,"2020-04-03 08:55"
"IROmiss",TRUE,"2020-10-22 06:11"
"J4R",TRUE,"2020-08-07 11:29"
"JuniperKernel",TRUE,"2020-01-19 08:07"
"KMgene",TRUE,"2020-07-26 09:39"
"KRIG",TRUE,"2020-03-31 05:13"
"KRIS",TRUE,"2020-04-03 09:04"
"Kurt",TRUE,"2020-10-22 06:11"
"LBLGXE",TRUE,"2020-03-31 05:13"
"MachineLearning",TRUE,"2020-06-22 05:56"
"MatchIt.mice",TRUE,"2020-03-23 17:09"
"MazamaWebUtils",TRUE,"2020-02-13 16:28"
"MetabolicSurv",TRUE,"2020-08-26 08:03"
"MetamapsDB",TRUE,"2020-01-16 21:00"
"MIRL",TRUE,"2019-05-13 11:01"
"Miso",TRUE,"2019-06-03 07:44"
"MlBayesOpt",TRUE,"2020-01-09 07:58"
"MmgraphR",TRUE,"2019-12-21 11:30"
"MMPPsampler",TRUE,"2019-01-11 07:57"
"MoonFinder",TRUE,"2020-03-09 07:21"
"MortHump",TRUE,"2018-05-03 11:38"
"MovieSpider",TRUE,"2018-06-13 10:17"
"MTGS",TRUE,"2020-08-03 08:08"
"MVTests",TRUE,"2020-01-20 09:52"
"NeuralSens",TRUE,"2020-10-22 06:14"
"NOAAWeather",TRUE,"2019-01-25 18:15"
"NormalizeMets",TRUE,"2020-02-19 10:58"
"NTsets",TRUE,"2019-04-22 09:58"
"OsteoBioR",TRUE,"2019-10-16 08:39"
"PkgsFromFiles",TRUE,"2019-03-18 12:08"
"PMmisc",TRUE,"2020-03-01 10:40"
"PowerfulMaxEigenpair",TRUE,"2020-02-03 09:12"
"PSGExpress",TRUE,"2019-07-28 16:16"
"PSM",TRUE,"2019-10-21 09:43"
"QRFCCA",TRUE,"2017-12-09 14:15"
"RAMClustR",TRUE,"2020-08-14 17:12"
"RCrypto",TRUE,"2020-03-24 11:54"
